{"approve": 0.08251121193170548, "reject": 0.1492233246564865}